RowNumber,CustomerId,CreditScore,GeographyID,GenderID,Age,Tenure,Balance,NumOfProducts,HasCrCard,IsActiveMember,EstimatedSalary,Exited,"Bank DOJ"
1,15634602,619,1,2,42,7,0,1,1,1,101348.88,1,23-03-2016
2,15647311,608,2,2,41,4,83807.86,1,0,1,112542.58,0,09-10-2018
3,15619304,502,1,2,42,4,159660.8,3,1,0,113931.57,1,25-03-2019
4,15701354,699,1,2,39,3,0,2,0,0,93826.63,0,24-10-2019
5,15737888,850,2,2,43,3,125510.82,1,1,1,79084.1,0,22-11-2019
6,15574012,645,2,1,44,4,113755.78,2,1,0,149756.71,1,21-12-2018
7,15592531,822,1,1,50,6,0,2,1,1,10062.8,0,28-09-2016
8,15656148,376,3,2,29,5,115046.74,4,1,0,119346.88,1,20-04-2018
9,15792365,501,1,1,44,5,142051.07,2,0,1,74940.5,0,04-02-2018
10,15592389,684,1,1,27,5,134603.88,1,1,1,71725.73,0,27-05-2018
11,15767821,528,1,1,31,7,102016.72,2,0,0,80181.12,0,27-07-2016
12,15737173,497,2,1,24,7,0,2,1,0,76390.01,0,12-09-2016
13,15632264,476,1,2,34,3,0,2,1,0,26260.98,0,04-11-2019
14,15691483,549,1,2,25,6,0,2,0,0,190857.79,0,21-12-2016
15,15600882,635,2,2,35,6,0,2,1,1,65951.65,0,22-03-2017
16,15643966,616,3,1,45,4,143129.41,2,0,1,64327.26,0,18-01-2019
17,15737452,653,3,1,58,4,132602.88,1,1,0,5097.67,1,08-10-2018
18,15788218,549,2,2,24,3,0,2,1,1,14406.41,0,09-10-2019
19,15661507,587,2,1,45,3,0,1,0,0,158684.81,0,20-10-2019
20,15568982,726,1,2,24,5,0,2,1,1,54724.03,0,15-03-2018
21,15577657,732,1,1,41,5,0,2,1,1,170886.17,0,30-12-2017
22,15597945,636,2,2,32,5,0,2,1,0,138555.46,0,05-03-2018
23,15699309,510,2,2,38,4,0,1,1,0,118913.53,1,03-04-2019
24,15725737,669,1,1,46,3,0,2,0,1,8487.75,0,26-09-2019
25,15625047,846,1,2,38,5,0,1,1,1,187616.16,0,08-11-2017
26,15738191,577,1,1,25,6,0,2,0,1,124508.29,0,23-11-2016
27,15736816,756,3,1,36,4,136815.64,1,1,1,170041.95,0,26-10-2018
28,15700772,571,1,1,44,4,0,2,0,0,38433.35,0,02-12-2018
29,15728693,574,3,2,43,5,141349.43,1,1,1,100187.43,0,26-06-2018
30,15656300,411,1,1,29,4,59697.17,2,1,1,53483.21,0,22-08-2019
31,15589475,591,2,2,39,5,0,3,1,0,140469.38,1,12-11-2017
32,15706552,533,1,1,36,4,85311.7,1,0,1,156731.91,0,26-08-2019
33,15750181,553,3,1,41,5,110112.54,2,0,0,81898.81,0,03-09-2018
34,15659428,520,2,2,42,4,0,2,1,1,34410.55,0,28-08-2019
35,15732963,722,2,2,29,6,0,2,1,1,142033.07,0,31-01-2017
36,15794171,475,1,2,45,5,134264.04,1,1,0,27822.99,1,23-09-2017
37,15788448,490,2,1,31,7,145260.23,1,0,1,114066.77,0,09-04-2016
38,15729599,804,2,1,33,4,76548.6,1,0,1,98453.45,0,18-01-2019
39,15717426,850,1,1,36,5,0,1,1,1,40812.9,0,11-03-2018
40,15585768,582,3,1,41,6,70349.48,2,0,1,178074.04,0,22-11-2016
41,15619360,472,2,1,40,5,0,1,1,0,70154.22,0,11-05-2018
42,15738148,465,1,2,51,6,122522.32,1,0,0,181297.65,1,09-11-2016
43,15687946,556,1,2,61,5,117419.35,1,1,1,94153.83,0,08-03-2018
44,15755196,834,1,2,49,6,131394.56,1,0,0,194365.76,1,01-05-2017
45,15684171,660,2,2,61,7,155931.11,1,1,1,158338.39,0,17-09-2016
46,15754849,776,3,2,32,6,109421.13,2,1,1,126517.46,0,14-12-2016
47,15602280,829,3,2,27,5,112045.67,1,1,1,119708.21,1,29-05-2018
48,15771573,637,3,2,39,7,137843.8,1,1,1,117622.8,1,25-03-2016
49,15766205,550,3,1,38,4,103391.38,1,0,1,90878.13,0,30-11-2018
50,15771873,776,3,2,37,4,103769.22,2,1,0,194099.12,0,21-06-2019
51,15616550,698,3,1,44,6,116363.37,2,1,0,198059.16,0,30-03-2017
52,15768193,585,3,1,36,4,146050.97,2,0,0,86424.57,0,12-05-2019
53,15683553,788,1,2,33,5,0,2,0,0,116978.19,0,13-03-2018
54,15702298,655,3,1,41,5,125561.97,1,0,0,164040.94,1,17-09-2018
55,15569590,601,3,1,42,7,98495.72,1,1,0,40014.76,1,21-06-2016
56,15760861,619,1,1,43,6,125211.92,1,1,1,113410.49,0,20-03-2017
57,15630053,656,1,1,45,6,127864.4,1,1,0,87107.57,0,21-09-2017
58,15647091,725,3,1,19,6,75888.2,1,0,0,45613.75,0,28-08-2017
59,15623944,511,2,2,66,7,0,1,1,0,1643.11,1,21-09-2016
60,15804771,614,1,1,51,4,40685.92,1,1,1,46775.28,0,10-01-2019
61,15651280,742,3,1,35,6,136857,1,0,0,84509.57,0,19-06-2017
62,15773469,687,3,2,27,4,152328.88,2,0,0,126494.82,0,29-11-2018
63,15702014,555,2,1,33,5,56084.69,2,0,0,178798.13,0,11-06-2018
64,15751208,684,2,1,56,4,78707.16,1,1,1,99398.36,0,27-01-2019
65,15592461,603,3,1,26,4,109166.37,1,1,1,92840.67,0,02-04-2019
66,15789484,751,3,2,36,6,169831.46,2,1,1,27758.36,0,26-05-2017
67,15696061,581,3,2,34,4,101633.04,1,1,0,110431.51,0,31-01-2019
68,15641582,735,3,1,43,6,123180.01,2,1,1,196673.28,0,22-11-2016
69,15638424,661,3,2,35,3,150725.53,2,0,1,113656.85,0,26-09-2019
70,15755648,675,1,2,21,5,98373.26,1,1,0,18203,0,28-08-2018
71,15703793,738,3,1,58,3,133745.44,4,1,0,28373.86,1,25-12-2019
72,15620344,813,1,1,29,6,0,1,1,0,33953.87,0,03-12-2016
73,15812518,657,2,2,37,6,163607.18,1,0,1,44203.55,0,29-01-2017
74,15779052,604,3,2,25,4,157780.84,2,1,1,58426.81,0,06-05-2019
75,15770811,519,1,1,36,6,0,2,0,1,145562.4,0,01-09-2017
76,15780961,735,1,2,21,5,178718.19,2,1,0,22388,0,09-07-2018
77,15614049,664,1,1,55,5,0,2,1,1,139161.64,0,04-09-2018
78,15662085,678,1,2,32,7,0,1,1,1,148210.64,0,14-09-2016
79,15575185,757,2,1,33,6,77253.22,1,0,1,194239.63,0,15-05-2017
80,15803136,416,3,2,41,4,122189.66,2,1,0,98301.61,0,25-08-2019
81,15706021,665,1,2,34,6,96645.54,2,0,0,171413.66,0,31-10-2016
82,15663706,777,1,2,32,7,0,1,1,0,136458.19,1,25-05-2016
83,15641732,543,1,2,36,4,0,2,0,0,26019.59,0,15-04-2019
84,15701164,506,1,2,34,4,90307.62,1,1,1,159235.29,0,17-11-2018
85,15738751,493,1,2,46,5,0,2,1,0,1907.66,0,06-12-2017
86,15805254,652,2,2,75,3,0,2,1,1,114675.75,0,03-11-2019
87,15762418,750,2,1,22,5,121681.82,1,1,0,128643.35,1,27-11-2017
88,15625759,729,1,1,30,6,0,2,1,0,151869.35,0,24-09-2016
89,15622897,646,1,2,46,5,0,3,1,0,93251.42,1,04-11-2017
90,15767954,635,3,2,28,4,81623.67,2,1,1,156791.36,0,14-04-2019
91,15757535,647,2,2,44,4,0,3,1,1,174205.22,1,28-12-2018
92,15731511,808,1,1,45,7,118626.55,2,1,0,147132.46,0,10-01-2016
93,15809248,524,1,2,36,6,0,2,1,0,109614.57,0,04-06-2017
94,15640635,769,1,1,29,4,0,2,1,1,172290.61,0,31-12-2018
95,15676966,730,2,1,42,4,0,2,0,1,85982.47,0,23-04-2019
96,15699461,515,2,1,35,5,176273.95,1,0,1,121277.78,0,03-01-2018
97,15738721,773,2,1,41,6,102827.44,1,0,1,64595.25,0,27-02-2017
98,15693683,814,3,1,29,7,97086.4,2,1,1,197276.13,0,21-09-2016
99,15604348,710,2,1,22,4,0,2,0,0,99645.04,0,24-08-2019
100,15633059,413,1,1,34,3,0,2,0,0,6534.18,0,23-11-2019
101,15808582,665,1,2,40,3,0,1,1,1,161848.03,0,06-12-2019
102,15743192,623,1,2,44,5,0,2,0,0,167162.43,0,15-10-2017
103,15580146,738,1,1,31,5,82674.15,1,1,0,41970.72,0,29-07-2018
104,15776605,528,2,1,36,4,0,2,1,0,60536.56,0,03-06-2019
105,15804919,670,2,2,65,3,0,1,1,1,177655.68,1,18-11-2019
106,15613854,622,2,2,46,4,107073.27,2,1,1,30984.59,1,30-03-2019
107,15599195,582,3,1,32,4,88938.62,1,1,1,10054.53,0,24-07-2019
108,15812878,785,3,2,36,3,99806.85,1,0,1,36976.52,0,24-10-2019
109,15602312,605,2,1,33,5,150092.8,1,0,0,71862.79,0,28-05-2018
110,15744689,479,3,1,35,5,92833.89,1,1,0,99449.86,1,10-09-2018
111,15803526,685,3,1,30,4,90536.81,1,0,1,63082.88,0,03-07-2019
112,15665790,538,3,1,39,4,108055.1,2,1,0,27231.26,0,21-09-2019
113,15715951,562,1,1,42,6,100238.35,1,0,0,86797.41,0,01-10-2016
114,15591100,675,2,1,36,5,106190.55,1,0,1,22994.32,0,14-11-2017
115,15609618,721,3,1,28,3,154475.54,2,0,1,101300.94,1,05-10-2019
116,15675522,628,3,2,30,6,132351.29,2,1,1,74169.13,0,31-07-2017
117,15705512,668,3,2,37,4,167864.4,1,1,0,115638.29,0,19-11-2018
118,15698028,506,1,2,41,5,0,2,1,0,31766.3,0,03-06-2018
119,15661670,524,3,2,31,3,107818.63,1,1,0,199725.39,1,26-09-2019
120,15600781,699,3,1,34,5,185173.81,2,1,0,120834.48,0,24-12-2017
121,15682472,828,1,1,34,3,129433.34,2,0,0,38131.77,0,05-11-2019
122,15580203,674,2,1,39,6,120193.42,1,0,0,100130.95,0,21-12-2016
123,15690673,656,1,2,39,4,0,2,1,0,141069.88,0,20-06-2019
124,15760085,684,3,2,48,7,126384.42,1,1,1,198129.36,0,30-07-2016
125,15779659,625,1,2,28,3,0,1,0,0,183646.41,0,16-10-2019
126,15627360,432,1,1,42,6,152603.45,1,1,0,110265.24,1,22-11-2016
127,15671137,549,1,2,52,4,0,1,0,1,8636.05,1,03-12-2018
128,15782688,625,3,1,56,4,148507.24,1,1,0,46824.08,1,08-12-2018
129,15575492,828,1,2,41,3,0,2,1,0,171378.77,0,02-12-2019
130,15591607,770,1,1,24,7,101827.07,1,1,0,167256.35,0,13-08-2016
131,15740404,758,1,2,34,4,0,2,1,1,124226.16,0,12-09-2019
132,15718369,795,3,2,33,3,130862.43,1,1,1,114935.21,0,13-11-2019
133,15677871,687,1,1,38,6,122570.87,1,1,1,35608.88,0,13-11-2016
134,15642004,686,1,1,25,5,0,2,0,1,16459.37,0,18-12-2017
135,15712543,789,3,1,39,4,124828.46,2,1,1,124411.08,0,07-01-2019
136,15584518,589,3,2,50,5,144895.05,2,1,1,34941.23,0,23-09-2017
137,15802381,461,3,2,34,5,63663.93,1,0,1,167784.28,0,05-12-2017
138,15610156,637,1,1,40,4,133463.1,1,0,1,93165.34,0,21-12-2018
139,15594408,584,2,2,48,4,213146.2,1,1,0,75161.25,1,06-02-2019
140,15640905,579,2,2,35,7,129490.36,2,0,1,8590.83,1,06-06-2016
141,15698932,756,3,1,44,6,137452.09,1,1,0,189543.9,0,18-10-2016
142,15724944,663,1,1,34,4,0,2,1,1,180427.24,0,28-12-2018
143,15628145,682,1,2,43,6,125851.93,1,1,1,193318.33,0,07-11-2016
144,15713483,793,2,1,52,5,0,1,1,0,159123.82,1,28-05-2018
145,15612350,691,1,2,31,3,40915.55,1,1,0,126213.84,1,02-12-2019
146,15800703,485,2,2,21,5,113157.22,1,1,1,54141.5,0,03-06-2018
147,15705707,635,2,2,29,4,138296.94,2,1,0,141075.51,0,09-12-2018
148,15754105,650,1,1,37,4,106967.18,1,0,0,24495.03,0,13-09-2019
149,15703264,735,1,1,44,6,120681.63,1,1,0,74836.34,0,15-07-2017
150,15794413,416,1,1,32,4,0,2,0,1,878.87,0,07-09-2019
151,15650237,754,2,2,32,4,0,2,1,0,89520.75,0,21-10-2018
152,15759618,535,1,2,48,4,0,1,1,0,149892.79,1,03-06-2019
153,15811589,716,2,1,42,4,0,2,1,0,180800.42,0,18-01-2019
154,15689044,539,1,1,37,6,127609.59,1,1,0,98646.22,0,06-02-2017
155,15709368,614,1,2,43,3,0,2,1,1,109041.53,0,16-11-2019
156,15679145,706,2,1,57,5,0,1,1,0,17941.16,1,05-12-2017
157,15655007,758,1,2,33,3,0,2,0,0,82996.47,0,13-12-2019
158,15623595,586,2,2,28,4,0,2,1,1,92067.35,0,18-07-2019
159,15589975,646,1,2,73,6,97259.25,1,0,1,104719.66,0,22-08-2017
160,15804017,631,3,2,33,3,123246.7,1,0,0,112687.57,0,01-12-2019
161,15692132,717,2,2,22,3,101060.25,1,0,1,84699.56,0,21-10-2019
162,15641122,684,1,1,30,5,0,2,1,0,83473.82,0,02-10-2017
163,15630910,800,1,2,49,7,108007.36,1,0,0,47125.11,0,24-03-2016
164,15680772,721,2,2,36,6,0,2,1,1,106977.8,0,21-12-2016
165,15658929,683,2,1,29,4,133702.89,1,1,0,55582.54,1,27-03-2019
166,15585388,660,3,1,31,6,125189.75,2,1,1,139874.43,0,03-10-2016
167,15724623,704,3,2,24,5,113034.22,1,1,0,162503.48,1,15-10-2017
168,15588537,615,2,2,41,4,109013.23,1,1,0,196499.96,0,18-08-2019
169,15574692,667,2,2,39,5,0,2,1,0,40721.24,1,18-12-2017
170,15611325,682,3,1,24,6,57929.81,2,0,0,53134.3,0,23-09-2016
171,15587562,484,1,2,29,7,130114.39,1,1,0,164017.89,0,10-05-2016
172,15613172,628,3,1,27,5,95826.49,2,1,0,155996.96,0,09-12-2017
173,15651022,480,3,1,44,7,129608.57,1,1,0,5472.7,1,07-09-2016
174,15586310,578,1,1,30,4,169462.09,1,1,0,112187.11,0,24-12-2018
175,15625524,512,1,1,40,3,0,2,1,1,146457.83,0,06-10-2019
176,15755209,484,2,2,35,3,133868.21,1,1,1,27286.1,0,07-12-2019
177,15645248,510,1,2,30,4,0,2,1,1,130553.47,0,12-08-2019
178,15790355,606,3,1,36,4,190479.48,2,0,0,179351.89,0,30-12-2018
179,15762615,597,2,2,40,7,101993.12,1,0,1,94774.12,0,12-09-2016
180,15625426,754,3,2,55,6,161608.81,1,1,0,8080.85,1,01-01-2017
181,15716334,850,2,2,45,5,122311.21,1,1,1,19482.5,0,11-12-2017
182,15789669,510,1,1,65,7,0,2,1,1,48071.61,0,14-06-2016
183,15621075,778,3,2,45,3,162150.42,2,1,0,174531.27,0,03-10-2019
184,15810845,636,1,1,42,3,0,2,1,1,55470.78,0,24-12-2019
185,15719377,804,1,2,50,3,0,1,1,1,8546.87,1,05-11-2019
186,15654506,514,1,1,32,5,0,2,1,0,95857.18,0,26-09-2017
187,15771977,730,1,2,39,6,99010.67,1,1,0,194945.8,0,07-01-2017
188,15708710,525,2,2,37,4,0,1,0,1,131521.72,0,03-07-2019
189,15726676,616,2,1,30,5,0,2,0,1,196108.51,0,06-05-2018
190,15587421,687,3,2,34,4,111388.18,2,1,0,148564.76,0,30-11-2018
191,15726931,715,1,2,41,7,56214.85,2,0,0,92982.61,1,30-04-2016
192,15771086,512,1,2,36,7,84327.77,2,1,0,17675.36,0,13-06-2016
193,15756850,479,1,1,40,3,0,2,0,0,114996.43,0,05-11-2019
194,15702741,601,1,1,32,3,93012.89,1,1,0,86957.42,0,14-12-2019
195,15679200,580,2,1,29,3,61710.44,2,1,0,128077.8,0,21-12-2019
196,15594815,807,1,1,35,5,174790.15,1,1,1,600.36,0,10-09-2018
197,15635905,616,2,2,32,4,0,2,1,1,43001.46,0,19-12-2018
198,15777892,721,3,1,37,4,107720.64,1,1,1,158591.12,0,06-12-2018
199,15656176,501,1,1,57,4,0,2,1,1,47847.19,0,01-08-2019
200,15811127,521,1,1,35,4,96423.84,1,1,0,10488.44,0,19-10-2018
201,15604482,850,2,1,30,5,141040.01,1,1,1,5978.2,0,24-10-2017
202,15622911,759,1,1,42,4,105420.18,1,0,1,121409.06,0,09-02-2019
203,15600974,516,2,1,50,3,0,1,0,1,146145.93,1,26-10-2019
204,15727868,711,1,2,38,3,129022.06,2,1,1,14374.86,1,12-11-2019
205,15627801,512,2,1,33,6,176666.62,1,1,0,94670.77,0,17-10-2016
206,15773039,550,1,1,37,4,0,1,1,1,179670.31,0,23-05-2019
207,15755262,608,2,2,41,4,89763.84,1,0,0,199304.74,1,25-07-2019
208,15679531,618,1,1,34,5,134954.53,1,1,1,151954.39,0,10-12-2017
209,15684181,643,1,1,45,5,0,1,1,0,142513.5,1,24-12-2017
210,15612087,671,1,1,45,4,106376.85,1,0,1,158264.62,0,18-08-2019
211,15752047,689,3,1,33,5,161814.64,2,1,0,169381.9,0,21-09-2018
212,15624592,603,1,1,31,6,0,2,1,1,169915.02,0,02-11-2016
213,15573152,620,1,2,41,5,0,2,0,0,88852.47,0,29-08-2018
214,15594917,676,1,2,34,4,63095.01,1,1,1,40645.81,0,12-11-2018
215,15785542,572,3,1,26,5,118287.01,2,0,0,60427.3,0,16-09-2018
216,15723488,668,3,1,47,5,106854.21,1,0,1,157959.02,1,07-12-2017
217,15680920,695,1,1,46,5,49512.55,1,1,0,133007.34,0,08-01-2018
218,15786308,730,2,2,33,5,0,2,0,0,176576.62,0,17-08-2018
219,15659366,807,1,1,43,3,105799.32,2,1,0,34888.04,1,25-12-2019
220,15774854,592,1,1,54,7,0,1,1,1,28737.71,1,21-03-2016
221,15725311,726,1,2,31,4,114722.05,2,1,1,98178.57,0,06-09-2019
222,15787155,514,2,1,30,4,0,1,0,1,125010.24,0,14-09-2019
223,15727829,567,1,1,42,3,0,2,1,1,167984.61,0,08-10-2019
224,15733247,850,1,1,33,6,0,1,1,0,4861.72,1,04-01-2017
225,15568748,671,3,1,45,4,99564.22,1,1,1,108872.45,1,29-11-2018
226,15699029,670,1,1,37,5,170557.91,2,1,0,198252.88,0,12-01-2018
227,15774393,694,1,2,30,5,0,2,1,1,26960.31,0,27-01-2018
228,15676895,547,3,2,39,5,74596.15,3,1,1,85746.52,1,23-04-2018
229,15637753,751,3,1,50,6,96888.39,1,1,0,77206.25,1,02-09-2017
230,15605461,594,3,2,29,5,130830.22,1,1,0,61048.53,0,31-12-2017
231,15808473,673,1,1,72,4,0,2,0,1,111981.19,0,16-11-2018
232,15627000,610,1,1,40,4,0,2,1,0,62232.6,0,31-03-2019
233,15787174,512,1,2,37,3,0,2,0,1,156105.03,0,21-11-2019
234,15723886,767,3,1,20,6,119714.25,2,0,1,150135.38,0,10-06-2017
235,15704769,585,1,2,67,6,113978.97,2,0,1,93146.11,0,18-09-2017
236,15772896,763,3,1,42,3,100160.75,1,1,0,33462.94,1,14-10-2019
237,15711540,712,1,2,29,7,0,1,1,1,144375,0,06-06-2016
238,15764866,539,3,2,43,6,116220.5,3,1,0,55803.96,1,29-11-2016
239,15794056,668,1,2,46,4,0,3,1,0,89048.46,1,28-12-2018
240,15795149,703,1,1,28,5,81173.83,2,0,1,162812.16,0,03-07-2018
241,15812009,662,2,1,38,4,0,2,1,0,136259.65,0,10-06-2019
242,15651001,725,3,2,39,4,116803.8,1,1,0,124052.97,0,22-08-2019
243,15813844,703,1,1,37,4,105961.68,2,0,1,74158.8,0,01-09-2019
244,15596175,659,3,1,67,6,117411.6,1,1,1,45071.09,1,26-03-2017
245,15576269,523,2,1,34,7,0,2,1,0,62030.06,0,30-04-2016
246,15797219,635,1,2,40,7,123497.58,1,1,0,131953.23,1,16-09-2016
247,15685500,772,3,1,26,4,152400.51,2,1,0,79414,0,06-09-2019
248,15599792,545,1,2,26,4,0,2,1,1,199638.56,0,16-11-2018
249,15657566,634,3,1,24,4,103097.85,1,1,1,157577.29,0,11-08-2019
250,15772423,739,3,1,54,4,126418.14,1,1,0,134420.75,1,11-09-2019
251,15628112,771,3,2,36,4,77846.9,1,0,0,99805.99,0,11-05-2019
252,15753754,587,2,2,34,5,0,2,1,1,97932.68,0,06-04-2018
253,15793726,681,1,2,79,4,0,2,0,1,170968.99,0,15-08-2019
254,15694717,544,3,1,37,5,79731.91,1,1,1,57558.95,0,05-11-2017
255,15665834,696,2,1,28,6,0,1,0,0,176713.47,0,21-04-2017
256,15765297,766,2,1,41,3,0,2,0,1,34283.23,0,30-11-2019
257,15636684,727,1,1,34,7,0,2,1,1,198637.34,0,11-06-2016
258,15592979,671,3,2,34,4,37266.67,2,0,0,156917.12,0,07-08-2019
259,15750803,693,1,2,30,5,127992.25,1,1,1,50457.2,0,27-07-2018
260,15607178,850,3,1,38,6,54901.01,1,1,1,140075.55,0,20-04-2017
261,15713853,732,3,1,42,5,108748.08,2,1,1,65323.11,0,03-02-2018
262,15673481,726,2,2,48,3,99906.19,1,1,0,64323.24,0,21-10-2019
263,15686776,557,1,2,32,7,184686.41,2,1,0,14956.44,0,15-05-2016
264,15673693,682,1,2,26,4,110654.02,1,0,1,111879.21,0,10-12-2018
265,15700696,738,2,1,31,4,79019.8,1,1,1,18606.23,0,14-12-2018
266,15813163,531,2,2,36,6,99240.51,1,1,0,123137.01,0,02-11-2016
267,15653857,498,1,1,34,4,0,2,1,1,148528.24,0,22-09-2019
268,15777076,651,1,1,36,5,0,2,1,0,13898.31,0,28-09-2017
269,15717398,549,2,2,39,6,0,1,0,0,81259.25,1,04-06-2017
270,15799217,791,3,2,35,6,52436.2,1,1,0,161051.75,0,21-12-2016
271,15787071,650,2,1,41,4,0,2,0,1,191599.67,0,05-11-2018
272,15619955,733,3,1,34,3,100337.96,3,1,0,48559.19,1,12-12-2019
273,15796505,811,3,2,34,5,149297.19,2,1,1,186339.74,0,15-08-2018
274,15725166,707,1,1,30,5,0,2,1,0,33159.37,0,05-11-2017
275,15800116,712,3,1,28,4,145605.44,1,0,1,93883.53,0,14-05-2019
276,15758685,706,2,2,37,6,0,2,1,1,110899.3,0,03-10-2016
277,15694456,756,1,1,62,6,0,1,1,1,11199.04,1,20-10-2016
278,15767339,777,1,2,53,6,0,2,1,0,189992.97,0,03-05-2017
279,15683562,646,1,1,35,5,84026.86,1,0,1,164255.69,0,24-09-2017
280,15782210,714,1,1,46,5,0,1,1,0,152167.79,1,29-07-2018
281,15668893,782,1,1,39,7,0,2,1,1,33949.67,0,05-08-2016
282,15669169,775,2,1,29,5,0,2,1,1,68143.93,0,13-03-2018
283,15643024,479,3,1,35,5,138718.92,1,1,1,47251.79,1,20-05-2018
284,15699389,807,1,1,42,5,118274.71,1,1,1,25885.72,0,08-09-2018
285,15708608,799,1,2,22,3,174185.98,2,0,1,192633.85,0,05-11-2019
286,15626144,675,1,1,40,6,113208.86,2,1,0,34577.36,0,08-01-2017
287,15573112,602,2,1,29,5,103907.28,1,1,0,161229.84,0,16-03-2018
288,15790678,475,1,2,32,5,119023.28,1,1,0,100816.29,0,14-02-2018
289,15727556,744,2,2,26,6,166297.89,1,1,1,181694.44,0,23-09-2016
290,15697307,588,2,1,34,5,0,2,1,0,79078.91,0,04-06-2018
291,15652266,703,3,1,42,6,63227,1,0,1,137316.32,0,16-07-2017
292,15607098,747,2,2,41,4,94521.17,2,1,0,194926.86,0,14-06-2019
293,15655774,583,1,1,27,5,0,2,1,0,51285.49,0,11-11-2017
294,15590241,750,2,2,34,3,112822.26,1,0,0,150401.53,1,12-12-2019
295,15785819,681,1,1,38,5,0,2,1,1,112491.96,0,18-09-2018
296,15723654,773,1,1,25,5,135903.33,1,1,0,73656.38,0,15-06-2018
297,15774510,714,1,2,31,4,125169.26,1,1,1,106636.89,0,20-03-2019
298,15684173,687,2,2,44,7,0,3,1,0,155853.52,1,18-01-2016
299,15650068,511,1,1,58,7,149117.31,1,1,1,162599.51,0,12-09-2016
300,15811490,627,1,1,33,5,0,2,1,1,103737.82,0,10-12-2017
301,15803976,694,1,2,31,6,0,2,1,0,160990.27,0,27-12-2016
302,15682541,616,2,2,36,5,132311.71,1,0,0,15462.84,0,28-04-2018
303,15695699,687,1,1,35,5,0,2,1,0,10334.05,0,24-11-2017
304,15624188,712,1,2,33,7,0,2,1,1,190686.16,0,25-06-2016
305,15812191,553,1,1,33,4,118082.89,1,0,0,94440.45,0,08-09-2019
306,15636673,667,1,1,31,4,119266.69,1,1,1,28257.63,0,21-11-2018
307,15594898,731,1,1,43,4,0,1,1,1,170034.95,1,28-02-2019
308,15660211,629,3,1,35,5,156847.29,2,1,0,31824.29,0,05-04-2018
309,15773972,614,1,1,50,7,137104.47,1,1,0,127166.49,1,13-09-2016
310,15746726,438,3,1,31,3,78398.69,1,1,0,44937.01,0,26-09-2019
311,15712287,652,1,2,80,6,0,2,1,1,188603.07,0,15-10-2016
312,15702919,729,3,1,30,5,63669.42,1,1,0,145111.37,0,31-05-2018
313,15674398,642,1,1,38,5,0,2,0,0,171463.83,0,31-10-2017
314,15797960,806,3,2,59,4,135296.33,1,1,0,182822.5,0,03-07-2019
315,15631868,744,2,1,36,5,153804.44,1,1,1,87213.33,0,10-04-2018
316,15581539,474,2,1,37,5,0,2,0,0,57175.32,0,14-06-2018
317,15662736,559,1,1,49,4,147069.78,1,1,0,120540.83,1,21-09-2019
318,15666252,706,2,1,42,5,0,2,1,1,28714.34,0,25-03-2018
319,15677512,628,2,2,22,4,0,1,1,0,85426.28,0,29-06-2019
320,15626114,429,1,1,24,4,95741.75,1,1,0,46170.75,0,18-07-2019
321,15810834,525,2,2,57,4,145965.33,1,1,1,64448.36,0,06-09-2019
322,15678910,680,1,2,30,7,141441.75,1,1,1,16278.97,0,24-03-2016
323,15694408,749,1,1,40,5,139290.41,1,1,0,182855.42,1,06-07-2018
324,15585215,763,1,2,31,5,0,2,0,0,50404.72,0,29-04-2018
325,15682757,734,1,1,30,5,0,2,1,0,107640.25,0,06-02-2018
326,15736601,716,1,1,35,6,144428.87,1,1,0,134132.65,0,13-02-2017
327,15601848,594,1,1,35,5,0,2,1,0,103480.69,0,30-05-2018
328,15736008,644,1,2,46,6,95441.27,1,1,0,108761.05,1,03-05-2017
329,15669064,671,3,1,35,5,144848.74,1,1,1,179012.3,0,02-07-2018
330,15624528,664,3,1,26,5,116244.14,2,1,1,95145.14,0,24-12-2017
331,15598493,656,1,1,50,4,0,2,0,1,72143.44,0,01-12-2018
332,15601274,667,2,2,40,6,146502.07,1,1,0,19162.89,0,08-12-2016
333,15702669,663,3,1,44,3,117028.6,2,0,1,144680.18,0,22-11-2019
334,15728669,584,3,2,30,5,112013.81,1,1,0,177772.03,1,23-09-2017
335,15742668,626,2,2,37,7,108269.37,1,1,0,5597.94,0,15-02-2016
336,15697441,485,1,1,29,5,182123.79,1,1,0,116828.51,1,25-11-2017
337,15740476,659,3,2,32,6,150923.74,2,0,1,174652.51,0,20-03-2017
338,15648064,649,1,1,33,3,0,2,1,0,2010.98,0,22-11-2019
339,15636624,805,2,2,39,4,165272.13,1,1,0,14109.85,1,21-02-2019
340,15807923,716,3,2,39,3,115301.31,1,1,0,43527.4,1,02-12-2019
341,15745844,642,3,2,40,7,129502.49,2,0,1,86099.23,1,02-07-2016
342,15786170,659,1,1,31,6,118342.26,1,0,0,161574.19,0,04-03-2017
343,15681081,545,2,2,47,4,0,2,1,1,38970.14,0,27-11-2018
344,15684484,543,1,1,22,6,0,2,0,0,127587.22,0,30-11-2016
345,15785869,718,1,2,25,6,0,2,1,0,30380.12,0,27-06-2017
346,15763859,840,1,2,43,6,0,2,1,0,90908.95,0,12-08-2017
347,15658935,630,3,2,34,7,106937.05,2,1,0,138275.01,0,12-04-2016
348,15747358,643,3,1,59,7,170331.37,1,1,1,32171.79,0,21-06-2016
349,15735203,654,3,2,32,4,114510.85,1,1,1,126143.23,0,19-06-2019
350,15576256,582,1,1,39,7,0,2,1,1,129892.93,0,16-05-2016
351,15659420,659,2,1,32,5,107594.11,2,1,1,102416.84,0,07-11-2017
352,15593365,762,2,1,39,7,81273.13,1,1,1,18719.67,0,01-01-2016
353,15777352,568,2,2,32,7,169399.6,1,1,0,61936.22,0,29-08-2016
354,15812007,670,2,1,25,3,0,2,1,1,78358.94,0,18-12-2019
355,15625461,613,1,2,45,7,187841.99,2,1,1,147224.27,0,15-08-2016
356,15739438,539,1,1,30,5,0,2,1,0,160979.66,0,09-04-2018
357,15611759,850,2,2,57,3,126776.3,2,1,1,132298.49,0,12-12-2019
358,15661629,522,2,1,34,4,126436.29,1,1,0,174248.52,1,19-11-2018
359,15633950,737,1,1,41,5,101960.74,1,1,1,123547.28,0,30-12-2017
360,15592386,520,1,1,58,4,0,2,0,1,32790.02,0,07-09-2019
361,15803716,706,2,1,28,7,0,2,0,1,181543.67,0,21-03-2016
362,15696674,643,3,2,45,6,150842.93,1,0,1,2319.96,1,18-04-2017
363,15706365,648,1,2,50,4,102535.57,1,1,1,189543.19,0,19-07-2019
364,15745088,443,3,2,29,6,99027.61,2,1,0,10940.4,0,09-01-2017
365,15676715,640,1,1,68,7,0,2,1,1,199493.38,0,02-04-2016
366,15613085,628,2,2,33,3,0,1,1,1,188193.25,0,28-09-2019
367,15633537,540,3,2,42,6,87271.41,2,1,0,172572.64,0,31-03-2017
368,15594720,460,3,2,35,3,102742.91,2,1,1,189339.6,0,06-12-2019
369,15684042,636,3,1,34,5,40105.51,2,0,1,53512.16,0,28-09-2017
370,15583303,593,1,2,29,3,152265.43,1,1,0,34004.44,0,16-11-2019
371,15611579,801,2,1,42,4,141947.67,1,1,1,10598.29,0,01-08-2019
372,15774696,640,3,2,75,3,106307.91,2,0,1,113428.77,0,24-12-2019
373,15694506,611,3,1,31,5,107884.81,2,1,1,183487.98,0,05-09-2018
374,15688074,802,3,1,31,7,125013.72,1,1,1,187658.09,0,19-03-2016
375,15759537,717,3,1,35,4,58469.37,2,1,1,172459.39,0,03-09-2019
376,15758449,769,1,2,39,7,0,1,0,1,21016,0,07-08-2016
377,15583456,745,3,1,45,5,117231.63,3,1,1,122381.02,1,20-09-2018
378,15667871,572,2,1,35,5,152390.26,1,1,0,128123.66,0,11-02-2018
379,15677371,629,2,2,30,4,34013.63,1,1,0,19570.63,0,01-12-2018
380,15629677,687,2,2,39,4,0,3,0,0,188150.6,1,27-01-2019
381,15713578,483,1,2,50,7,0,2,1,1,111020.24,0,31-03-2016
382,15591509,690,1,1,36,6,101583.11,2,1,0,123775.15,0,12-06-2017
383,15568240,492,3,2,30,4,77168.87,2,0,1,146700.22,0,26-05-2019
384,15622993,709,3,1,28,5,124695.72,2,1,0,145251.35,0,17-04-2018
385,15689294,705,3,1,44,6,105934.96,1,1,0,82463.69,0,11-03-2017
386,15720910,560,1,2,66,4,0,1,1,1,15928.49,0,27-08-2019
387,15721181,611,2,1,46,6,0,2,1,0,45886.33,0,29-11-2016
388,15776433,730,2,1,62,6,0,2,1,1,186489.95,0,21-05-2017
389,15748936,709,2,2,45,4,0,2,0,1,162922.65,0,23-11-2018
390,15717225,544,1,2,21,4,161525.96,2,1,0,9262.77,0,30-12-2018
391,15685226,712,3,2,29,3,147199.07,1,1,1,84932.4,0,11-10-2019
392,15785611,752,3,1,38,5,183102.29,1,1,1,71557.12,0,18-06-2018
393,15573456,648,2,1,46,5,127209,2,1,0,77405.95,1,28-09-2017
394,15684548,556,2,1,38,4,0,2,0,0,417.41,1,20-12-2018
395,15620505,594,2,2,24,7,97378.54,1,1,1,71405.17,0,01-06-2016
396,15807432,645,3,2,37,6,136925.09,2,0,1,153400.24,0,10-12-2016
397,15584766,557,1,1,33,4,54503.55,1,1,1,371.05,0,01-12-2018
398,15612187,547,3,1,32,5,155726.85,1,1,0,67789.99,0,04-12-2017
399,15762218,701,1,2,39,6,0,2,0,1,145894.9,0,23-12-2016
400,15646372,616,1,2,66,4,135842.41,1,1,0,183840.51,1,06-11-2018
401,15690452,605,1,1,52,6,63349.75,1,1,0,108887.44,0,09-07-2017
402,15747795,593,3,2,38,6,129499.42,1,1,1,154071.27,0,01-09-2017
403,15781589,751,2,1,52,4,0,2,0,1,179291.85,0,08-06-2019
404,15732674,443,2,1,36,4,70438.01,2,0,1,56937.43,0,10-12-2018
405,15642291,685,1,1,23,4,0,2,1,1,112239.03,0,18-10-2018
406,15692761,718,1,1,36,7,0,1,1,0,45909.87,0,13-08-2016
407,15578045,538,2,2,49,5,141434.04,1,0,0,173779.25,1,06-09-2018
408,15745354,611,2,2,37,6,0,2,1,0,125696.26,0,31-07-2017
409,15701376,668,3,1,37,7,152958.29,2,1,1,159585.61,0,09-08-2016
410,15691625,537,3,2,41,3,138306.34,1,1,0,106761.47,0,13-12-2019
411,15566594,709,2,1,23,5,0,2,0,0,129590.18,0,12-04-2018
412,15760431,850,1,1,38,6,0,2,1,1,80006.65,0,08-09-2017
413,15686302,745,2,2,31,6,124328.84,1,1,1,140451.52,0,23-03-2017
414,15801559,693,3,2,41,6,181461.48,3,1,1,187929.43,1,28-03-2017
415,15810432,795,2,1,35,4,0,2,1,0,167155.36,0,04-11-2018
416,15809616,626,2,1,26,4,0,2,0,0,191420.71,0,04-07-2019
417,15720559,487,3,2,61,4,110368.03,1,0,0,11384.45,1,03-11-2018
418,15695632,556,1,2,39,6,89588.35,1,1,1,94898.1,0,10-11-2016
419,15659843,643,1,2,46,6,0,2,0,0,106781.59,0,15-12-2016
420,15615624,605,1,2,28,4,0,2,0,0,159508.52,0,16-09-2019
421,15810418,756,3,2,60,3,115924.89,1,1,0,93524.19,1,03-12-2019
422,15716186,586,1,2,38,7,0,2,1,0,87168.46,0,17-04-2016
423,15674551,535,3,1,40,7,111756.5,1,1,0,8128.32,1,21-03-2016
424,15622834,678,1,2,35,3,0,1,1,0,125518.32,0,24-09-2019
425,15566111,596,1,1,39,7,0,1,1,0,48963.59,0,26-01-2016
426,15784597,648,1,1,26,5,162923.85,1,1,0,98368.24,0,17-09-2018
427,15652883,492,3,1,39,6,124576.65,2,1,0,148584.61,0,19-09-2017
428,15806964,702,1,1,45,4,80793.58,1,1,1,27474.81,0,11-12-2018
429,15576313,486,3,2,40,5,71340.09,1,1,0,76192.21,0,24-12-2017
430,15806467,568,3,1,40,6,99282.63,1,0,0,134600.94,1,24-11-2016
431,15597602,619,3,1,57,7,137946.39,1,1,1,72467.99,1,08-04-2016
432,15743040,724,3,1,41,4,127892.57,2,0,1,199645.45,0,08-03-2019
433,15705521,548,3,2,33,5,101084.36,1,1,0,42749.85,0,25-05-2018
434,15595039,545,3,2,37,3,114754.08,1,1,0,136050.44,1,04-12-2019
435,15799384,683,1,1,33,4,0,1,0,0,73564.44,0,04-05-2019
436,15581197,762,1,2,51,5,99286.98,1,0,1,85578.63,0,30-09-2017
437,15693737,627,3,2,30,4,79871.02,2,1,0,129826.89,0,30-06-2019
438,15624623,516,1,1,35,4,104088.59,2,0,0,119666,0,21-10-2018
439,15783501,800,1,2,38,5,168190.33,2,1,0,68052.08,0,27-08-2018
440,15690134,464,3,2,42,3,85679.25,1,1,1,164104.74,0,25-11-2019
441,15782735,626,1,2,35,5,0,1,0,0,80190.36,0,01-08-2018
442,15611088,790,1,2,31,5,0,2,1,0,84126.75,0,06-11-2017
443,15672145,534,1,2,34,6,121551.58,2,1,1,70179,0,12-06-2017
444,15732628,745,1,1,46,5,122220.19,1,1,1,118024.1,0,04-08-2018
445,15787470,553,2,1,47,5,116528.15,1,0,0,145704.19,1,30-10-2017
446,15803406,748,1,2,26,4,77780.29,1,0,1,183049.41,0,17-12-2018
447,15730460,722,1,1,37,6,0,1,0,0,120906.83,0,25-11-2016
448,15644572,501,1,1,40,5,125832.2,1,1,1,100433.83,0,28-08-2018
449,15694860,675,1,2,38,5,68065.8,1,0,0,138777,1,13-11-2017
450,15658169,778,2,2,47,7,127299.34,2,1,0,124694.99,0,27-07-2016
451,15794396,494,3,2,38,4,174937.64,1,1,0,40084.32,0,01-04-2019
452,15785798,850,1,1,40,6,0,2,0,1,119232.33,0,02-05-2017
453,15710825,592,2,1,31,6,110071.1,1,0,0,43921.36,0,15-01-2017
454,15668444,590,2,2,44,4,139432.37,1,1,0,62222.81,0,17-11-2018
455,15726631,758,1,2,39,6,127357.76,1,0,1,56577,0,20-12-2016
456,15733797,506,1,1,36,5,0,2,1,0,164253.35,0,23-01-2018
457,15747960,733,1,1,33,5,0,1,1,1,7666.73,0,06-09-2018
458,15634632,711,1,1,38,5,0,2,1,0,68487.51,0,14-06-2018
459,15707362,514,3,1,43,7,95556.31,1,0,1,199273.98,1,30-08-2016
460,15662976,637,2,1,37,3,0,1,1,1,186062.36,0,02-12-2019
461,15732778,468,3,1,29,5,111681.98,2,1,1,195711.16,0,08-05-2018
462,15718443,539,1,1,39,6,0,2,1,0,36692.17,0,07-08-2017
463,15670039,509,2,2,25,3,108738.71,2,1,0,106920.57,0,12-12-2019
464,15773792,662,1,2,32,3,133950.37,1,1,1,48725.68,1,31-12-2019
465,15613786,818,2,1,26,4,0,2,1,1,167036.94,0,03-10-2018
466,15726032,608,1,1,33,4,89968.69,1,1,0,68777.26,0,04-07-2019
467,15663252,850,2,2,32,4,0,2,1,1,18924.92,0,25-08-2019
468,15593782,816,3,2,38,3,130878.75,3,1,0,71905.77,1,25-12-2019
469,15633283,536,1,1,35,5,0,2,1,0,64833.28,0,08-12-2017
470,15749167,753,1,1,35,5,0,2,1,1,184843.77,0,08-09-2018
471,15759298,631,2,1,27,5,134169.62,1,1,1,176730.02,0,18-11-2017
472,15683625,703,1,1,37,6,149762.08,1,1,0,20629.4,1,28-08-2017
473,15635367,774,1,1,26,6,93844.69,1,1,0,28415.36,0,02-12-2016
474,15681705,785,1,1,28,6,0,2,1,0,77231.27,0,03-01-2017
475,15603156,571,1,2,33,7,0,2,1,0,102750.7,0,11-06-2016
476,15591986,621,3,1,46,6,141078.37,1,0,0,34580.8,1,18-09-2017
477,15798888,605,3,2,31,6,117992.59,1,1,1,183598.77,0,09-06-2017
478,15809722,611,1,2,40,7,100812.33,2,1,0,147358.27,0,24-07-2016
479,15677538,569,1,1,38,6,0,1,1,1,108469.2,0,12-08-2017
480,15797736,658,1,1,29,5,80262.6,1,1,1,20612.82,0,01-06-2018
481,15695585,788,2,1,34,3,156478.62,1,0,1,181196.76,0,29-11-2019
482,15744398,525,1,2,23,3,0,2,1,0,160249.1,0,04-12-2019
483,15750658,798,1,1,37,6,0,3,0,0,110783.28,0,05-11-2016
484,15578186,486,3,1,37,3,115217.99,2,1,0,144995.33,0,28-11-2019
485,15676519,615,2,1,61,7,0,2,1,0,150227.85,1,14-09-2016
486,15637954,730,1,2,35,3,155470.55,1,1,1,53718.28,0,05-11-2019
487,15758639,641,1,1,37,3,0,2,1,0,75248.3,0,19-12-2019
488,15613772,542,1,1,39,6,135096.77,1,1,1,14353.43,1,30-06-2017
489,15731744,692,1,1,30,5,0,2,0,1,130486.57,0,17-03-2018
490,15807709,714,3,2,55,4,180075.22,1,1,1,100127.71,0,12-12-2018
491,15714689,591,2,1,29,7,97541.24,1,1,1,196356.17,0,15-09-2016
492,15699005,710,1,2,41,5,156067.05,1,1,1,9983.88,0,26-07-2018
493,15624170,639,1,2,38,4,81550.94,2,0,1,118974.77,0,13-02-2019
494,15725679,531,1,2,47,6,0,1,0,0,194998.34,1,26-03-2017
495,15585865,673,1,2,38,4,170061.92,2,0,0,134901.34,1,20-12-2018
496,15804256,765,3,1,36,6,92310.54,2,1,1,72924.56,0,04-09-2017
497,15662403,622,1,2,32,4,169089.38,2,1,0,101057.95,0,13-03-2019
498,15733616,806,1,1,40,3,80613.93,1,1,1,142838.64,0,07-11-2019
499,15591995,757,3,1,26,5,121581.56,2,1,1,127059.04,0,09-01-2018
500,15677020,570,1,2,58,5,0,1,0,1,116503.92,1,18-10-2017
501,15727688,555,2,1,32,4,0,2,1,1,54405.79,0,03-10-2018
502,15715941,692,1,1,54,4,0,2,1,1,88721.84,0,09-11-2018
503,15714485,774,1,1,60,6,85891.55,1,1,0,74135.48,1,20-04-2017
504,15730059,638,2,1,44,6,77637.35,2,1,1,111346.22,0,31-12-2016
505,15715527,543,2,2,41,6,0,1,0,0,194902.16,0,08-05-2017
506,15576623,584,1,1,31,5,0,2,1,0,31474.27,0,24-09-2017
507,15805565,691,3,1,30,6,116927.89,1,1,0,21198.39,0,07-11-2016
508,15677307,684,3,2,40,4,137326.65,1,1,0,186976.6,0,24-11-2018
509,15773890,733,1,1,22,4,0,2,1,1,117202.19,0,17-09-2019
510,15598883,599,2,2,37,3,0,2,1,1,143739.29,0,28-12-2019
511,15568506,524,3,2,31,5,67238.98,2,1,1,161811.23,0,14-04-2018
512,15761043,632,3,2,38,4,86569.76,2,1,0,98090.91,0,14-03-2019
513,15782236,735,2,1,34,4,0,2,0,0,71095.41,0,06-05-2019
514,15593601,734,1,1,34,3,133598.4,1,1,1,13107.24,0,26-09-2019
515,15682048,605,1,2,51,3,136188.78,1,1,1,67110.59,1,16-11-2019
516,15746902,793,2,1,38,6,0,2,1,0,88225.02,0,28-08-2017
517,15752081,468,1,2,56,4,0,3,0,1,62256.87,1,23-06-2019
518,15781307,779,3,1,37,6,120092.52,2,1,0,135925.72,0,18-03-2017
519,15775912,698,1,1,48,4,101238.24,2,0,1,177815.87,1,07-10-2018
520,15745417,707,1,1,58,4,89685.92,1,0,1,126471.13,0,17-05-2019
521,15671256,850,1,2,35,6,211774.31,1,1,0,188574.12,1,27-07-2017
522,15653547,850,1,1,56,4,131317.48,1,1,1,119175.45,0,04-01-2019
523,15595766,527,2,1,37,6,93722.73,2,1,1,139093.73,0,19-09-2017
524,15742358,696,3,1,32,7,101160.99,1,1,1,115916.55,0,02-08-2016
525,15763274,661,1,1,48,7,120320.54,1,0,0,96463.25,0,14-06-2016
526,15786063,776,1,2,31,6,0,2,1,1,112349.51,0,03-12-2016
527,15600258,701,1,1,43,3,0,2,1,1,165303.79,0,24-10-2019
528,15573318,610,1,1,26,4,0,2,1,0,166031.08,0,23-04-2019
529,15653849,572,3,2,48,7,152827.99,1,1,0,38411.79,1,14-06-2016
530,15694272,673,1,1,30,3,64097.75,1,1,1,77783.35,0,06-12-2019
531,15736112,519,2,2,57,3,119035.35,2,1,1,29871.79,0,15-10-2019
532,15749851,702,2,2,26,5,135219.57,1,0,1,59747.63,0,16-06-2018
533,15663478,729,1,1,32,4,93694.42,1,1,1,79919.13,0,31-12-2018
534,15592300,543,2,1,35,5,59408.63,1,1,0,76773.53,0,17-03-2018
535,15567832,550,1,2,40,4,114354.95,1,1,0,54018.93,0,06-12-2018
536,15776780,608,1,1,59,4,0,1,1,0,70649.64,1,23-09-2018
537,15592846,639,3,1,35,4,128173.9,2,1,0,59093.39,0,20-12-2018
538,15739803,686,2,1,34,3,0,2,1,0,127569.8,0,21-11-2019
539,15794142,564,3,2,62,6,114931.35,3,0,1,18260.98,1,19-06-2017
540,15762729,745,3,2,28,5,111071.36,1,1,0,73275.96,1,14-11-2017
541,15667896,833,1,1,37,5,151226.18,2,1,1,136129.49,0,27-09-2017
542,15626578,622,1,1,26,5,0,2,1,1,153237.59,0,22-12-2017
543,15776223,597,1,2,42,4,64740.12,1,1,1,106841.12,0,20-02-2019
544,15705953,721,2,1,51,4,169312.13,1,1,0,109078.35,1,15-05-2019
545,15802593,504,1,2,49,5,0,3,0,1,87822.14,1,14-10-2017
546,15615457,842,2,2,44,3,112652.08,2,1,0,126644.98,0,11-11-2019
547,15708916,587,1,1,38,3,0,2,1,0,47414.15,0,06-12-2019
548,15720187,479,3,2,30,7,143964.36,2,1,0,41879.99,0,25-08-2016
549,15595440,508,1,1,49,6,122451.46,2,1,1,75808.1,0,15-11-2016
550,15600651,749,1,1,24,3,0,3,1,1,47911.03,0,13-12-2019
551,15750141,721,3,2,36,4,65253.07,2,1,0,28737.78,0,19-09-2019
552,15657284,674,3,1,47,4,106901.94,1,1,1,2079.2,1,17-03-2019
553,15763063,685,2,2,25,4,128509.63,1,1,0,121562.33,0,15-04-2019
554,15709324,417,1,1,34,4,0,2,1,0,55003.79,0,30-06-2019
555,15711309,574,3,1,33,4,129834.67,1,1,0,193131.42,0,19-08-2019
556,15775318,590,2,2,51,4,154962.99,3,0,1,191932.27,1,11-01-2019
557,15705515,587,3,1,40,6,138241.9,2,1,0,159418.1,0,04-09-2017
558,15634844,598,3,1,41,6,91536.93,1,1,0,191468.78,1,11-04-2017
559,15717046,741,2,1,53,4,0,2,1,1,38913.68,0,28-02-2019
560,15571816,850,2,2,70,4,0,1,1,1,705.18,0,11-12-2018
561,15670080,584,3,2,29,7,105204.01,1,0,1,138490.03,0,02-04-2016
562,15800440,650,2,1,61,4,152968.73,1,0,1,82970.69,0,28-02-2019
563,15665678,607,2,1,36,5,158261.68,1,1,1,76744.72,0,26-09-2017
564,15665956,509,1,2,46,5,0,1,1,0,71244.59,1,09-09-2018
565,15788126,689,2,2,38,4,121021.05,1,1,1,12182.15,0,24-01-2019
566,15811773,543,1,1,36,7,0,2,1,1,141210.5,0,19-09-2016
567,15651674,438,2,2,54,5,0,1,0,0,191763.07,1,22-09-2018
568,15689614,687,2,2,63,6,137715.66,1,1,1,37938.74,0,04-12-2016
569,15795564,737,3,1,31,5,121192.22,2,1,1,74890.58,0,19-11-2017
570,15706647,761,1,1,31,5,0,3,1,1,166698.18,0,28-12-2017
571,15728505,601,1,1,44,7,100486.18,2,1,1,62678.53,0,06-06-2016
572,15730076,651,1,1,45,4,0,1,1,0,67740.08,1,14-11-2018
573,15622003,745,1,1,35,6,92566.53,2,1,0,161519.77,0,18-09-2017
574,15607312,648,2,2,49,4,0,2,1,1,159835.78,1,29-08-2019
575,15644753,848,2,1,40,4,110929.96,1,1,1,30876.84,0,06-11-2018
576,15653620,546,1,2,27,4,0,2,1,1,14858.1,0,17-07-2019
577,15761986,439,2,2,32,3,138901.61,1,1,0,75685.97,0,13-12-2019
578,15633922,755,1,1,30,7,123217.66,2,0,1,144183.1,0,12-05-2016
579,15734674,593,1,2,41,5,0,1,1,0,65170.66,0,21-09-2018
580,15658032,701,1,1,39,5,0,2,1,1,82526.92,0,20-03-2018
581,15692671,701,2,1,36,4,0,2,1,0,169161.46,0,29-06-2019
582,15737741,607,2,2,33,4,108431.87,2,0,1,109291.39,1,21-10-2018
583,15576352,586,2,2,57,4,0,2,0,1,6057.81,0,30-12-2018
584,15753719,547,3,2,30,5,72392.41,1,1,0,77077.14,0,10-02-2018
585,15803689,647,3,2,51,4,119741.77,2,0,0,54954.51,1,23-08-2019
586,15718057,760,1,2,51,4,100946.71,1,0,0,179614.8,1,01-12-2018
587,15722010,621,2,1,53,3,170491.84,1,1,0,35588.07,1,27-10-2019
588,15680998,725,1,1,44,5,0,1,1,1,117356.14,0,10-07-2018
589,15614782,526,1,1,36,5,0,1,1,0,160696.72,0,05-08-2018
590,15591047,519,2,2,47,4,157296.02,2,0,0,147278.43,1,09-11-2018
591,15788291,713,3,2,38,5,144606.22,1,1,1,56594.36,1,25-06-2018
592,15604044,700,1,1,38,5,134811.3,1,1,0,1299.75,0,24-11-2017
593,15679587,666,1,2,34,6,115897.12,1,1,1,25095.03,0,12-03-2017
594,15775153,630,2,1,32,4,82034,1,0,0,146326.45,0,03-10-2018
595,15603925,779,2,2,26,3,174318.13,2,0,1,38296.21,0,29-09-2019
596,15680970,611,3,2,41,3,114206.84,1,1,0,164061.6,0,06-11-2019
597,15697183,685,2,1,43,4,0,2,1,0,107811.28,0,18-06-2019
598,15567446,646,3,1,39,5,111574.41,1,1,1,30838.51,0,13-05-2018
599,15637476,683,3,2,57,7,162448.69,1,0,0,9221.78,1,15-07-2016
600,15714939,484,3,2,34,5,148249.54,1,0,1,33738.27,0,24-07-2018
601,15683503,601,1,2,43,7,0,3,0,1,110916.15,1,27-06-2016
602,15645569,762,2,2,26,3,123709.46,2,1,1,169654.57,0,30-11-2019
603,15782569,687,1,2,72,7,0,1,0,1,69829.4,0,20-08-2016
604,15592387,566,1,1,30,6,0,1,1,0,54926.51,1,27-05-2017
605,15609286,702,1,1,37,4,150525.8,1,1,1,94728.49,0,04-08-2019
606,15814035,601,1,1,29,4,0,1,1,1,80393.27,0,21-04-2019
607,15661249,699,1,1,53,6,0,2,0,1,111307.98,0,29-05-2017
608,15629117,584,1,1,28,4,0,2,1,0,19834.32,0,31-12-2018
609,15607170,699,1,1,35,6,0,2,1,1,78397.24,0,07-05-2017
610,15586585,698,3,2,51,5,111018.98,1,1,0,86410.28,0,02-04-2018
611,15686611,495,1,1,30,5,129755.99,1,0,0,172749.65,0,30-12-2017
612,15603203,650,1,2,27,4,0,2,1,0,1002.39,0,22-08-2019
613,15619857,605,1,2,64,4,129555.7,1,1,1,13601.79,0,08-11-2018
614,15805062,667,2,1,38,4,87202.38,1,1,1,77866.91,0,28-12-2018
615,15660271,688,3,1,26,3,146133.39,1,1,1,175296.76,0,31-12-2019
616,15745295,727,2,2,31,5,0,1,1,0,121751.04,1,27-10-2017
617,15719352,754,2,1,39,5,170184.99,2,1,0,89593.26,0,20-09-2018
618,15766575,612,3,2,62,4,140745.33,1,1,0,193437.89,1,29-08-2019
619,15594594,546,2,1,42,5,139070.51,1,1,1,86945,0,01-06-2018
620,15646161,673,2,2,37,3,0,2,1,1,183318.79,0,27-12-2019
621,15682585,593,1,1,35,7,114193.24,1,1,0,71154.1,0,08-08-2016
622,15603134,656,2,2,40,5,167878.5,1,0,1,151887.16,0,30-08-2018
623,15636444,535,3,2,53,4,141616.55,2,1,1,75888.65,0,09-10-2018
624,15773456,678,3,1,36,5,145747.67,2,0,1,89566.74,0,05-03-2018
625,15745307,477,2,2,48,5,129120.64,1,0,1,26475.79,0,30-06-2018
626,15604119,850,2,1,35,6,110349.82,1,0,0,126355.8,0,25-11-2016
627,15626900,427,1,1,29,6,141325.56,1,1,1,93839.3,0,16-11-2016
628,15605447,752,1,1,49,6,78653.84,1,1,0,7698.6,0,02-05-2017
629,15589030,649,1,1,47,6,0,2,1,1,145593.85,0,25-07-2017
630,15692463,799,2,2,28,7,142253.65,1,1,0,45042.56,0,26-04-2016
631,15712403,589,1,2,61,3,0,1,1,0,61108.56,1,01-12-2019
632,15811762,583,3,2,54,3,115988.86,1,1,0,57553.98,1,12-11-2019
633,15718673,839,2,2,33,5,75592.43,1,1,0,62674.42,0,17-11-2017
634,15724282,540,3,1,44,7,164113.04,2,1,1,12120.79,0,02-05-2016
635,15738181,850,1,1,31,4,67996.23,2,0,0,50129.87,1,06-09-2019
636,15633648,696,2,2,51,5,0,2,1,0,55022.43,0,20-10-2017
637,15603323,660,2,2,33,4,0,2,0,0,117834.91,0,12-08-2019
638,15583725,682,1,1,48,5,138778.15,1,0,1,168840.23,0,08-07-2018
639,15588350,744,1,2,43,3,147832.15,1,0,1,24234.11,0,28-10-2019
640,15798398,785,1,2,36,5,135438.4,1,0,0,190627.01,0,27-09-2017
641,15784844,752,2,1,48,7,116060.08,1,1,0,156618.38,1,12-09-2016
642,15580684,706,1,2,29,3,112564.62,1,1,0,42334.38,0,23-11-2019
643,15809663,583,1,2,27,7,125406.58,1,1,1,110784.42,0,23-03-2016
644,15640078,660,3,2,39,6,135134.99,1,1,0,173683,1,29-12-2016
645,15698786,819,1,2,39,5,133102.92,1,1,0,27046.46,1,23-08-2018
646,15569807,673,1,2,34,5,42157.08,1,1,0,20598.59,1,02-04-2018
647,15730830,752,1,2,30,3,0,2,1,1,104991.28,0,22-11-2019
648,15805112,578,1,1,38,6,82259.29,1,1,0,8996.97,0,04-10-2016
649,15633064,438,1,2,36,7,0,2,1,0,64420.5,0,16-08-2016
650,15703119,652,1,1,38,6,0,2,1,1,145700.22,0,19-09-2017
651,15730447,629,1,2,49,5,0,2,1,1,196335.48,0,16-12-2017
652,15813850,720,1,1,52,4,0,1,1,1,14781.12,0,23-07-2019
653,15711889,668,1,1,42,7,150461.07,1,1,0,108139.23,0,25-07-2016
654,15664610,459,3,1,48,6,133994.52,1,1,1,19287.06,1,23-09-2016
655,15751710,729,2,1,31,5,164870.81,2,1,1,9567.39,0,04-06-2018
656,15692926,498,3,1,25,5,121702.73,1,1,1,132210.49,0,22-09-2018
657,15813741,549,2,1,25,5,193858.2,1,0,1,21600.11,0,10-12-2017
658,15698474,601,3,2,54,4,131039.97,2,1,1,199661.5,0,19-02-2019
659,15568595,544,1,1,64,6,113829.45,1,1,1,124341.49,0,06-11-2016
660,15603065,751,1,2,30,4,0,2,1,0,15766.1,0,28-12-2018
661,15592937,632,3,2,41,7,81877.38,1,1,1,33642.21,0,21-06-2016
662,15699637,694,2,1,57,6,116326.07,1,1,1,117704.65,0,15-11-2016
663,15667215,678,1,1,31,6,0,2,1,1,58803.28,0,25-06-2017
664,15788659,695,1,1,46,5,0,2,1,1,137537.22,0,14-11-2017
665,15763218,661,1,2,41,4,0,2,0,1,131300.68,0,31-03-2019
666,15645772,661,1,1,33,6,0,2,1,1,84174.81,0,30-09-2016
667,15725511,559,1,2,31,6,127070.73,1,0,1,160941.78,0,14-09-2017
668,15575024,503,1,1,29,3,0,2,1,1,143954.99,0,16-10-2019
669,15640825,695,2,1,46,6,122549.64,1,1,1,56297.85,0,06-03-2017
670,15662397,640,1,2,42,5,176099.13,1,1,1,8404.73,0,01-09-2018
671,15576368,624,3,2,48,4,122388.38,2,0,0,30020.09,0,15-07-2019
672,15674991,667,1,1,42,7,0,2,0,1,58137.42,0,12-09-2016
673,15721024,642,1,1,26,6,0,1,0,0,47472.68,0,21-04-2017
674,15745621,640,2,2,32,4,118879.35,2,1,1,19131.71,0,28-10-2018
675,15642394,529,2,1,35,6,0,2,1,1,187288.5,0,07-11-2016
676,15754605,563,1,2,39,4,0,2,1,1,17603.81,0,17-09-2019
677,15607040,593,2,2,38,4,88736.44,2,1,0,67020.03,0,04-12-2018
678,15715142,739,3,1,45,7,102703.62,1,0,1,147802.94,1,24-05-2016
679,15810978,788,2,2,70,5,0,2,1,1,41610.62,0,21-11-2017
680,15668886,684,2,2,38,4,0,2,1,0,44255.65,0,16-03-2019
681,15780804,482,1,1,55,6,97318.25,1,0,1,78416.14,0,26-05-2017
682,15613880,591,2,1,58,5,128468.69,1,0,1,137254.55,0,09-12-2017
683,15775238,651,3,2,41,4,133432.59,1,0,1,151303.48,0,11-05-2019
684,15786905,749,3,2,40,6,141782.57,2,0,0,86333.63,0,15-09-2017
685,15747867,583,1,1,24,4,135125.28,1,0,0,89801.9,0,09-12-2018
686,15600337,661,2,1,42,6,178820.91,1,0,0,29358.57,1,18-11-2016
687,15801277,715,1,2,31,4,112212.14,2,1,1,181600.72,0,24-12-2018
688,15579334,769,3,2,45,5,126674.81,1,1,0,124118.71,1,15-03-2018
689,15802741,625,1,2,51,6,136294.97,1,1,0,38867.46,1,12-03-2017
690,15720649,641,1,2,36,5,66392.64,1,1,0,31106.67,0,09-04-2018
691,15589493,716,3,1,27,6,122552.34,2,1,0,67611.36,0,02-01-2017
692,15688251,767,1,1,43,6,76408.85,2,1,0,77837.63,0,31-12-2016
693,15665238,745,3,1,36,4,145071.24,1,0,0,6078.46,0,13-09-2019
694,15740900,589,1,1,34,6,0,2,1,1,177896.92,0,14-12-2016
695,15681068,796,1,2,45,4,109730.22,1,1,1,123882.73,0,08-05-2019
696,15748625,664,1,1,57,6,0,2,1,1,15304.08,0,18-12-2016
697,15727299,445,2,1,62,4,64119.38,1,1,1,76569.64,1,15-09-2019
698,15620204,543,3,2,57,3,106138.33,2,1,1,120657.32,1,12-11-2019
699,15669516,746,2,1,36,4,0,2,1,1,16436.56,0,16-01-2019
700,15736534,742,3,1,33,4,181656.51,1,1,1,107667.91,0,21-06-2019
701,15803457,750,1,2,32,7,0,2,1,0,95611.47,0,16-04-2016
702,15659098,669,1,1,30,4,95128.86,1,0,0,19799.26,0,28-10-2018
703,15603436,594,2,2,49,4,126615.94,2,0,1,123214.74,0,07-11-2018
704,15566292,574,2,1,36,7,0,2,0,1,71709.12,0,10-01-2016
705,15808621,659,3,1,36,6,76190.48,2,1,1,149066.14,0,15-10-2016
706,15580148,750,3,1,40,4,168286.81,3,1,0,20451.99,1,02-01-2019
707,15776231,626,3,1,35,4,88109.81,1,1,1,32825.5,0,02-05-2019
708,15773809,620,1,1,42,4,0,2,1,0,6232.31,0,05-12-2018
709,15649423,580,1,2,35,3,0,2,0,1,10357.03,0,26-12-2019
710,15734886,686,1,2,34,5,123971.51,2,1,0,147794.63,0,03-12-2017
711,15722548,540,1,1,48,4,148116.48,1,0,0,116973.48,0,01-10-2018
712,15650288,634,3,1,35,7,116269.01,1,1,0,129964.94,0,22-04-2016
713,15629448,632,2,1,38,5,120599.21,1,1,0,92816.86,0,13-05-2018
714,15716164,501,1,2,41,6,144260.5,1,1,0,172114.67,0,03-11-2016
715,15807609,650,2,2,25,4,86605.5,3,1,0,16649.31,1,09-10-2018
716,15578977,786,1,1,34,4,0,2,1,0,144517.19,0,24-07-2019
717,15677369,554,3,2,37,3,58629.97,1,0,0,182038.6,0,17-12-2019
718,15804072,701,2,2,42,6,0,2,0,0,24210.56,0,19-11-2016
719,15696859,474,1,1,45,4,0,2,0,0,172175.9,0,11-11-2018
720,15653780,621,1,2,43,6,0,1,1,1,47578.45,0,25-11-2016
721,15721658,672,2,2,56,5,209767.31,2,1,1,150694.42,1,13-09-2018
722,15578761,459,2,2,42,6,129634.25,2,1,1,177683.02,1,04-09-2017
723,15736879,669,1,1,23,4,0,2,0,0,66088.83,0,17-10-2018
724,15571973,776,1,2,38,5,169824.46,1,1,0,169291.7,0,30-08-2018
725,15626742,694,1,1,36,4,97530.25,1,1,1,117140.41,0,23-03-2019
726,15672692,787,1,2,42,5,145988.65,2,1,1,79510.37,0,02-01-2018
727,15673570,580,1,1,37,6,0,2,0,1,77108.66,0,29-11-2016
728,15767432,711,1,2,25,6,0,3,1,1,9679.28,0,28-08-2017
729,15654238,673,1,2,40,4,137494.28,1,1,0,81753.92,0,22-09-2019
730,15612525,499,1,2,57,3,0,1,0,0,131372.38,1,30-11-2019
731,15812750,591,1,1,24,6,147360,1,1,1,25310.82,0,19-05-2017
732,15790757,769,1,2,25,5,0,2,0,0,187925.75,0,09-09-2018
733,15723873,657,2,1,31,3,125167.02,1,0,0,98820.39,0,17-12-2019
734,15744607,738,3,1,43,4,121152.05,2,1,0,64166.7,1,10-06-2019
735,15612966,545,3,2,60,4,128981.07,1,0,1,176924.21,1,13-11-2018
736,15784209,497,1,1,47,5,0,1,1,1,90055.08,0,26-09-2017
737,15794278,816,2,1,67,3,151858.98,1,1,1,72814.31,0,16-11-2019
738,15766741,525,1,1,36,7,114628.4,1,0,1,168290.06,0,03-06-2016
739,15661036,725,1,1,46,5,0,2,1,0,161767.38,0,14-09-2018
740,15705639,692,1,2,28,6,95059.02,2,1,0,44420.18,0,15-10-2016
741,15637414,618,1,2,24,5,128736.39,1,0,1,37147.61,0,01-11-2017
742,15716835,546,1,1,24,3,156325.38,1,1,1,125381.02,0,21-11-2019
743,15696231,635,1,1,29,7,105405.97,1,1,1,149853.89,0,24-07-2016
744,15641675,611,1,2,49,6,88915.37,3,0,0,161435.02,1,15-09-2017
745,15670755,650,1,1,60,5,0,2,1,1,102925.76,0,23-09-2017
746,15640059,606,1,1,40,6,0,2,1,1,70899.27,0,12-07-2017
747,15787619,844,1,1,18,5,160980.03,1,0,0,145936.28,0,14-11-2017
748,15587535,450,2,2,46,5,177619.71,1,1,0,54227.06,0,02-08-2018
749,15813034,727,2,1,38,5,62276.99,1,1,1,59280.79,0,09-11-2017
750,15698839,460,3,1,46,5,127559.97,2,1,1,126952.5,0,14-11-2017
751,15790314,649,1,1,41,5,0,2,0,1,130567.02,0,07-06-2018
752,15634245,758,3,2,47,4,95523.16,1,1,0,73294.48,0,30-06-2019
753,15677305,490,1,2,35,6,107749.03,1,1,1,3937.37,0,19-04-2017
754,15661526,815,3,1,37,4,110777.26,2,1,0,2383.59,0,11-08-2019
755,15685997,838,2,2,39,5,166733.92,2,1,0,14279.44,0,07-07-2018
756,15660101,803,1,1,31,4,157120.86,2,1,0,141300.53,0,22-05-2019
757,15637979,664,3,2,36,5,127160.78,2,1,0,78140.75,0,20-08-2018
758,15815364,736,2,2,28,6,0,2,1,1,117431.1,0,27-07-2017
759,15647099,633,1,2,37,5,156091.97,1,1,0,72008.61,0,03-08-2018
760,15625944,664,1,1,58,4,98668.18,1,1,1,60887.58,0,22-05-2019
761,15583212,600,1,2,43,6,134022.06,1,1,0,194764.83,0,01-01-2017
762,15582741,693,1,2,35,5,124151.09,1,1,0,88705.14,1,02-07-2018
763,15637876,663,3,2,36,6,77253.5,1,0,0,35817.97,1,11-11-2016
764,15622750,742,3,2,21,4,114292.48,1,1,0,31520.4,0,07-10-2018
765,15672056,710,3,1,43,3,140080.32,3,1,1,157908.19,1,30-11-2019
766,15812351,710,2,2,27,3,135277.96,1,1,0,142200.15,0,05-12-2019
767,15810864,700,1,2,82,5,0,2,0,1,182055.36,0,19-09-2018
768,15677921,720,3,1,60,6,115920.62,2,0,0,157552.08,1,16-07-2017
769,15724296,684,2,1,41,7,119782.72,2,0,0,120284.67,0,17-05-2016
770,15685329,531,1,2,63,6,114715.71,1,0,1,24506.95,1,19-02-2017
771,15584091,742,3,2,36,4,129748.54,2,0,0,47271.61,1,07-12-2018
772,15640442,717,1,1,31,7,129722.57,1,0,0,41176.6,0,26-01-2016
773,15639314,589,1,1,32,7,0,2,0,1,9468.64,0,17-07-2016
774,15685320,767,1,1,36,4,139180.2,1,0,0,123880.19,0,30-12-2018
775,15789158,636,3,1,49,4,113599.74,2,1,0,158887.09,1,19-06-2019
776,15752137,648,1,1,33,5,134944,1,1,1,117036.38,0,24-03-2018
777,15712551,622,3,2,58,4,116922.25,1,1,0,120415.61,1,22-03-2019
778,15628936,692,2,1,28,5,118945.09,1,0,0,16064.25,1,20-11-2017
779,15797227,754,1,1,28,5,0,2,1,1,52615.62,0,12-06-2018
780,15769974,679,2,2,35,4,119182.73,1,0,0,121210.09,0,04-01-2019
781,15737051,639,1,1,27,3,0,2,1,0,192247.35,0,27-12-2019
782,15585595,774,1,2,28,5,71264.02,2,0,1,68759.57,0,16-06-2018
783,15654060,517,1,1,41,5,0,2,0,1,75937.47,0,30-11-2017
784,15745196,571,1,2,35,3,0,2,0,0,84569.13,0,23-09-2019
785,15571221,747,3,1,58,7,116313.57,1,1,1,190696.35,1,07-04-2016
786,15660155,792,2,1,36,4,92140.15,1,0,1,67468.67,0,04-09-2019
787,15605284,688,1,1,26,6,0,2,1,1,104435.94,0,13-08-2017
788,15694366,714,3,1,42,4,177640.09,1,0,1,47166.55,0,08-11-2018
789,15600739,562,2,2,35,6,0,2,1,0,119899.52,0,03-10-2016
790,15653253,704,2,1,48,4,167997.6,1,1,1,173498.45,0,09-07-2019
791,15763431,698,1,1,36,3,82275.35,2,1,1,93249.26,0,26-10-2019
792,15643696,611,1,1,49,5,0,2,1,1,142917.54,0,17-11-2017
793,15707473,850,3,2,48,6,111962.99,1,1,0,111755.8,0,12-11-2016
794,15769504,743,3,2,34,5,131736.88,1,1,1,108543.21,0,04-12-2017
795,15776807,654,1,1,29,4,0,1,1,0,180345.44,0,21-05-2019
796,15686870,761,3,1,36,4,108239.11,2,0,0,99444.02,0,12-12-2018
797,15668747,702,1,2,46,4,98444.19,1,0,1,109563.28,0,16-12-2018
798,15766908,488,3,1,32,4,114540.38,1,1,0,92568.07,0,02-04-2019
799,15570134,683,1,2,35,4,187530.66,2,1,1,37976.36,0,06-05-2019
800,15567367,601,3,2,42,5,133636.16,1,0,1,103315.74,0,15-03-2018
801,15747542,605,1,1,52,5,0,2,1,1,173952.5,0,24-12-2017
802,15762238,671,3,2,44,6,84745.03,2,0,1,34673.98,0,27-11-2016
803,15681554,614,3,2,31,4,120599.38,2,1,1,46163.44,0,26-04-2019
804,15712825,511,2,2,29,7,0,2,0,1,140676.98,0,02-08-2016
805,15640280,850,1,1,39,4,127771.35,2,0,1,151738.54,0,15-11-2018
806,15756026,790,2,2,46,6,0,1,0,0,14679.81,1,03-12-2016
807,15613319,793,1,2,33,7,0,1,0,0,175544.02,0,05-04-2016
808,15798906,628,1,1,69,5,0,2,1,1,181964.6,0,18-09-2018
809,15708917,598,3,1,53,3,167772.96,1,1,1,136886.86,0,12-10-2019
810,15778463,657,1,2,37,3,95845.6,1,1,0,122218.23,0,12-11-2019
811,15699430,618,1,2,35,6,0,2,1,0,180439.75,0,18-03-2017
812,15649992,681,2,1,65,6,134714.7,2,0,1,190419.81,0,12-09-2017
813,15578980,516,2,2,33,4,0,2,1,1,58685.59,0,02-04-2019
814,15775306,421,3,1,28,4,122384.22,3,1,1,89017.38,1,15-11-2018
815,15641655,700,1,2,26,6,0,2,0,0,50051.42,0,13-02-2017
816,15619708,745,1,1,25,6,157993.15,2,1,0,146041.45,0,02-12-2016
817,15734565,696,1,1,29,5,0,2,1,0,191166.09,0,31-12-2017
818,15806438,580,3,2,42,5,123331.36,1,0,0,103516.08,1,30-08-2018
819,15591969,497,2,1,27,6,75263.16,1,1,1,164825.04,0,11-11-2016
820,15747807,720,1,2,43,6,137824.03,2,1,0,172557.77,0,07-09-2017
821,15596939,659,3,1,36,6,132578.92,2,1,0,84320.94,0,18-11-2016
822,15716155,841,1,2,36,6,156021.31,1,0,0,122662.98,0,08-05-2017
823,15765311,642,2,1,34,3,0,1,1,0,72085.1,0,24-10-2019
824,15757811,732,2,2,69,4,137453.43,1,0,1,110932.24,1,18-07-2019
825,15603830,600,2,1,36,3,0,2,1,0,143635.36,0,30-11-2019
826,15660602,464,3,1,33,4,164284.72,2,1,1,3710.34,0,25-05-2019
827,15660535,680,1,2,47,6,0,2,1,1,179843.33,0,25-08-2017
828,15666633,758,2,1,56,6,0,2,1,1,10643.38,0,25-12-2016
829,15596914,630,3,2,31,5,112373.49,2,1,1,131167.98,0,12-07-2018
830,15639788,577,1,2,39,5,0,2,1,0,10553.31,0,27-05-2018
831,15695846,684,1,2,34,4,0,2,1,1,130928.22,0,26-10-2018
832,15726234,708,2,2,41,6,0,1,0,1,157003.99,0,03-12-2016
833,15797964,732,3,2,29,4,154333.82,1,1,1,138527.56,0,18-03-2019
834,15625881,634,3,1,37,3,111432.77,2,1,1,167032.49,0,25-11-2019
835,15780628,633,1,2,30,7,0,2,0,0,41642.29,0,05-06-2016
836,15575883,559,1,1,34,5,137390.11,2,1,0,9677,0,23-09-2017
837,15585036,694,2,2,37,4,0,2,1,1,147012.22,0,30-11-2018
838,15589488,686,3,2,56,4,111642.08,1,1,1,80553.87,0,05-09-2019
839,15585888,553,2,2,48,6,0,1,0,1,30730.95,1,17-07-2017
840,15727915,507,1,1,36,5,83543.37,1,0,0,140134.43,0,12-04-2018
841,15707567,732,3,1,50,7,145338.76,1,0,0,91936.1,1,25-07-2016
842,15737792,818,1,2,31,6,186796.37,1,0,0,178252.63,0,24-11-2016
843,15599433,660,3,1,35,4,58641.43,1,0,1,198674.08,0,18-12-2018
844,15672012,773,2,2,41,4,0,1,1,0,28266.9,1,28-11-2018
845,15806983,640,1,1,44,4,137148.68,1,1,0,92381.01,0,22-03-2019
846,15592222,505,1,1,49,3,80001.23,1,0,0,135180.11,0,28-09-2019
847,15608968,714,3,1,21,7,86402.52,2,0,0,27330.59,0,12-04-2016
848,15586959,468,1,2,42,5,0,2,1,0,125305.34,0,18-11-2017
849,15646558,611,2,1,51,3,122874.74,1,1,1,149648.45,0,15-11-2019
850,15725811,705,1,1,25,3,97544.29,1,0,1,59887.15,0,14-10-2019
851,15572265,646,3,1,46,4,170826.55,2,1,0,45041.32,0,06-11-2018
852,15794048,667,3,2,48,3,97133.92,2,0,0,113316.77,1,09-12-2019
853,15677610,511,3,2,41,5,153895.65,1,1,1,39087.42,0,04-12-2017
854,15745012,653,1,2,43,7,0,2,1,1,7330.59,0,22-06-2016
855,15601589,675,1,2,57,4,0,2,0,1,95463.29,0,11-03-2019
856,15686436,523,2,1,32,5,0,2,1,0,167848.02,0,23-12-2017
857,15693864,567,3,2,49,7,134956.02,1,1,0,93953.84,1,15-01-2016
858,15760550,741,2,1,39,4,143637.58,2,0,1,174227.66,0,26-08-2019
859,15686137,456,2,1,32,6,147506.25,1,1,1,135399.21,0,28-11-2016
860,15809087,598,1,1,64,6,0,2,1,0,195635.3,1,04-04-2017
861,15807663,667,1,1,43,6,190227.46,1,1,0,97508.04,1,20-06-2017
862,15809100,548,1,2,32,5,172448.77,1,1,0,188083.77,1,24-05-2018
863,15794916,725,1,1,41,6,113980.21,1,1,1,116704.25,0,14-04-2017
864,15614215,717,1,1,53,7,0,2,0,1,97614.87,0,26-08-2016
865,15805449,594,1,1,38,4,0,2,0,0,186884.04,0,02-07-2019
866,15686983,678,3,2,25,4,76968.12,2,0,1,131501.72,0,05-09-2019
867,15808017,545,1,1,38,5,88293.13,2,1,1,24302.95,0,16-04-2018
868,15756804,636,1,2,48,5,170833.46,1,1,0,110510.28,1,08-03-2018
869,15646810,603,3,1,44,3,108122.39,2,1,0,108488.33,1,24-10-2019
870,15710424,435,1,1,36,5,0,1,1,1,197015.2,0,26-12-2017
871,15799422,535,1,2,40,5,0,1,1,1,27689.77,0,23-09-2017
872,15692750,629,3,2,45,7,129818.39,3,1,0,9217.55,1,17-03-2016
873,15794549,722,1,2,35,5,163943.89,2,1,1,15068.18,0,06-08-2018
874,15803764,561,1,1,28,7,0,2,1,0,7797.01,0,05-03-2016
875,15674840,645,1,2,38,5,101430.3,2,0,1,4400.32,0,13-10-2017
876,15653762,501,1,2,39,5,117301.66,1,0,0,182025.95,0,17-05-2018
877,15581229,502,3,2,32,6,173340.83,1,0,1,122763.95,0,23-09-2016
878,15800228,652,2,2,42,4,0,2,1,1,38152.01,0,25-09-2018
879,15656333,574,1,2,33,3,134348.57,1,1,0,63163.99,0,09-12-2019
880,15697497,518,1,2,45,4,105525.65,2,1,1,73418.29,0,15-11-2018
881,15585362,749,1,2,60,3,0,1,1,0,17978.68,1,24-12-2019
882,15571928,679,1,2,43,7,0,3,1,0,115136.51,1,12-04-2016
883,15785519,565,1,1,36,6,106192.1,1,1,0,149575.59,0,23-09-2016
884,15743007,643,1,2,45,5,45144.43,1,1,0,60917.24,1,26-09-2017
885,15777211,515,1,1,65,4,92113.61,1,1,1,142548.33,0,08-12-2018
886,15721935,521,1,1,25,3,0,2,1,1,157878.67,0,16-11-2019
887,15591711,739,2,1,38,5,128366.44,1,1,0,12796.43,0,03-10-2017
888,15625021,585,1,1,42,3,0,2,1,1,18657.77,0,07-12-2019
889,15702968,733,3,1,74,4,106545.53,1,1,1,134589.58,0,06-11-2018
890,15600462,542,1,2,43,6,145618.37,1,0,1,10350.74,0,26-11-2016
891,15768104,788,2,1,37,5,141541.25,1,0,0,66013.27,0,04-06-2018
892,15780140,435,3,1,32,3,57017.06,2,1,1,5907.11,0,29-12-2019
893,15585255,577,1,1,42,6,0,1,1,0,74077.91,0,16-11-2016
894,15772781,703,1,2,51,4,0,3,1,1,77294.56,1,15-09-2019
895,15669987,728,3,2,35,6,125884.95,2,1,0,54359.02,1,17-12-2016
896,15697000,728,3,1,32,4,61825.5,1,1,1,156124.93,0,06-05-2019
897,15733119,718,1,1,35,7,0,2,1,0,94820.85,0,07-03-2016
898,15782390,621,1,2,40,5,0,1,1,0,155155.25,0,14-10-2017
899,15654700,523,1,2,40,5,102967.41,1,1,0,128702.1,1,03-02-2018
900,15632210,657,3,1,25,6,171770.55,1,1,0,22745.5,0,21-02-2017
901,15642041,727,3,1,40,6,93051.64,2,1,0,71865.31,1,30-07-2017
902,15709737,643,1,1,36,5,161064.64,2,0,1,84294.82,0,10-02-2018
903,15792388,645,1,2,48,4,90612.34,1,1,1,149139.13,0,11-05-2019
904,15786014,568,1,1,28,6,145105.64,2,1,0,185489.11,0,16-08-2017
905,15794580,599,1,1,58,6,0,1,0,0,176407.15,1,02-07-2017
906,15675964,672,1,2,45,4,0,1,1,1,92027.69,1,12-04-2019
907,15814275,685,1,1,33,6,174912.72,1,1,1,43932.54,0,08-09-2017
908,15724848,516,1,2,46,5,104947.72,1,1,0,115789.25,1,12-10-2017
909,15754713,685,2,1,31,4,135213.71,1,1,1,125777.28,0,27-01-2019
910,15693814,806,2,1,25,6,0,2,1,0,18461.9,0,17-05-2017
911,15599660,604,1,1,36,5,116229.85,2,1,1,79633.38,0,25-09-2017
912,15746490,648,2,2,53,4,111201.41,1,1,1,121542.29,0,12-04-2019
913,15566091,545,2,2,32,7,0,1,1,0,94739.2,0,25-05-2016
914,15655961,756,3,1,27,7,131899,1,1,0,93302.29,0,24-06-2016
915,15710404,569,1,1,35,6,124525.52,1,1,1,193793.78,0,25-09-2016
916,15775625,596,1,1,47,6,0,1,1,0,74835.65,0,31-10-2016
917,15792328,475,1,1,39,3,0,1,1,1,56999.9,1,02-11-2019
918,15719856,646,1,2,45,5,47134.75,1,1,1,57236.44,0,17-11-2017
919,15593773,784,2,1,35,7,0,2,0,0,81483.64,0,21-03-2016
920,15733114,552,2,1,45,6,0,2,1,0,26752.56,0,24-11-2016
921,15797748,729,1,1,44,7,0,2,0,1,9200.54,0,10-01-2016
922,15743411,609,2,1,61,6,0,1,1,0,22447.85,1,17-04-2017
923,15753337,555,1,1,51,3,0,3,1,0,189122.89,1,26-12-2019
924,15601026,572,3,2,19,6,138657.08,1,1,1,16161.82,0,07-01-2017
925,15658485,785,1,2,34,6,70302.48,1,1,1,68600.36,0,22-10-2016
926,15636731,714,3,2,36,4,101609.01,2,1,1,447.73,0,02-02-2019
927,15628303,738,2,1,35,7,0,1,1,1,15650.73,0,26-03-2016
928,15633461,639,3,1,38,7,130170.82,1,1,1,149599.62,0,27-07-2016
929,15677135,520,3,1,61,6,133802.29,2,1,1,90304.01,0,22-11-2016
930,15590876,764,1,2,24,6,106234.02,1,0,0,115676.38,0,01-10-2016
931,15790782,661,2,1,39,6,132628.98,1,0,0,38812.67,0,14-11-2016
932,15700476,564,3,1,41,6,103522.75,2,1,1,34338.21,0,25-11-2016
933,15634141,708,3,2,42,6,192390.52,2,1,0,823.36,0,10-12-2016
934,15737795,512,2,1,36,3,0,1,0,1,135482.26,1,28-09-2019
935,15790299,592,2,1,37,6,0,3,1,1,10656.89,0,26-05-2017
936,15675316,619,1,2,38,6,0,2,0,1,116467.35,0,10-07-2017
937,15613630,775,1,1,52,6,109922.61,1,1,1,96823.32,1,16-11-2016
938,15662100,850,3,2,44,5,128605.32,1,0,1,171096.2,0,23-09-2017
939,15668032,577,1,2,37,5,0,1,1,1,79881.39,0,14-09-2018
940,15599289,724,1,2,37,7,68598.56,1,1,0,157862.82,0,14-09-2016
941,15754084,710,2,1,35,6,106518.52,1,1,1,127951.81,0,28-12-2016
942,15676521,696,1,2,31,4,0,2,0,0,191074.11,0,21-02-2019
943,15804586,376,1,2,46,4,0,1,1,0,157333.69,1,01-04-2019
944,15781465,675,3,2,29,5,121326.42,1,1,0,133457.52,0,26-12-2017
945,15729362,745,1,1,36,5,67226.37,1,1,0,130789.6,0,01-12-2017
946,15709295,697,2,2,25,3,82931.85,2,1,1,128373.88,0,21-10-2019
947,15745324,599,2,2,39,6,0,1,1,0,194273.2,1,04-04-2017
948,15741336,715,1,2,38,4,118590.41,1,1,1,5684.17,1,23-07-2019
949,15783659,659,1,1,67,3,145981.87,1,1,1,131043.2,0,15-12-2019
950,15620981,684,1,2,48,6,73309.38,1,0,0,21228.34,1,19-07-2017
951,15630328,635,1,2,48,4,130796.33,2,1,1,43250.3,0,08-10-2018
952,15785899,789,3,1,33,5,151607.56,1,1,0,4389.4,0,14-06-2018
953,15606149,571,3,2,66,6,111577.01,1,0,1,189271.9,0,25-08-2017
954,15671139,694,2,1,39,4,107042.74,1,1,1,102284.2,0,06-07-2019
955,15660429,665,2,2,42,5,156371.61,2,0,1,156774.94,1,21-07-2018
956,15571002,706,1,2,44,6,129605.99,1,0,0,69865.49,0,25-04-2017
957,15631681,807,2,2,43,4,0,2,0,1,85523.24,0,30-11-2018
958,15731522,771,2,2,67,4,0,2,1,1,51219.8,0,22-11-2018
959,15619529,531,2,1,27,3,132576.25,1,0,0,7222.92,0,18-10-2019
960,15628034,629,1,2,37,3,129101.3,1,1,1,23971.33,0,29-09-2019
961,15686164,850,3,2,31,5,108822.4,1,1,1,132173.31,0,24-07-2018
962,15582797,685,2,1,35,3,137948.51,1,1,0,113639.64,0,10-12-2019
963,15753831,642,2,1,32,6,100433.8,1,1,1,39768.59,0,26-10-2016
964,15731815,529,2,1,63,5,96134.11,3,1,0,108732.96,1,07-12-2017
965,15580956,683,3,2,43,3,115888.04,1,1,1,117349.19,1,04-11-2019
966,15602084,663,1,2,42,5,124626.07,1,1,1,78004.5,0,28-12-2017
967,15589805,563,1,2,34,5,139810.34,1,1,1,152417.79,0,26-09-2017
968,15720893,637,2,2,34,6,0,2,0,0,26057.08,0,06-10-2016
969,15641009,544,1,1,37,4,84496.71,1,0,0,79972.09,0,16-09-2019
970,15605926,649,3,1,70,5,116854.71,2,0,1,107125.79,0,09-04-2018
971,15805955,638,1,2,48,7,138333.03,1,1,1,47679.14,0,13-03-2016
972,15801488,723,1,1,25,6,0,2,1,1,134509.47,0,10-03-2017
973,15605918,635,3,1,43,6,78992.75,2,0,0,153265.31,0,28-08-2017
974,15779711,750,2,2,38,4,97257.41,2,0,1,179883.04,0,17-05-2019
975,15705620,730,1,1,34,6,122453.37,2,1,0,138882.98,0,26-08-2017
976,15685357,750,2,2,36,7,112940.07,1,0,1,9855.81,0,14-06-2016
977,15570060,586,1,2,43,6,132558.26,1,1,0,67046.83,1,27-09-2016
978,15582616,520,1,2,38,4,0,2,1,0,56388.63,0,07-12-2018
979,15799515,652,1,2,48,6,133297.24,1,1,0,77764.37,0,21-12-2016
980,15642937,550,1,2,46,5,0,2,1,0,130590.35,0,25-10-2017
981,15624729,594,1,1,27,4,197041.8,1,0,0,151912.49,0,07-12-2018
982,15566156,749,3,2,44,3,71497.79,2,0,0,151083.8,0,11-10-2019
983,15792360,668,1,1,32,7,0,2,1,1,777.37,0,29-08-2016
984,15807008,614,3,2,35,6,128100.28,1,0,0,69454.24,1,29-09-2016
985,15704770,773,1,1,25,5,124532.78,2,0,1,11723.57,0,17-04-2018
986,15756475,551,3,1,31,4,82293.82,2,1,1,91565.25,0,21-02-2019
987,15655339,566,1,1,36,4,142120.91,1,1,0,79616.37,0,23-12-2018
988,15613749,569,2,1,34,5,151839.26,1,1,0,102299.81,1,18-07-2018
989,15664521,659,2,1,31,3,149620.88,2,1,1,104533.51,0,24-10-2019
990,15681206,722,1,2,49,5,168197.66,1,1,0,140765.57,1,08-11-2017
991,15745527,655,1,1,37,5,93147,2,1,0,66214.13,0,14-11-2017
992,15806926,615,1,2,35,7,97440.02,2,1,1,139816.1,0,14-07-2016
993,15724563,752,3,2,42,6,65046.08,2,0,1,140139.28,0,13-11-2016
994,15782899,661,2,2,28,7,95357.49,1,0,0,102297.15,0,05-07-2016
995,15623521,838,2,1,43,6,123105.88,2,1,0,145765.83,0,06-12-2016
996,15810218,610,2,1,29,7,0,3,0,1,83912.24,0,17-03-2016
997,15645621,811,2,1,44,6,0,2,0,1,78439.73,0,11-11-2016
998,15608114,587,2,1,62,5,121286.27,1,0,1,6776.92,0,25-08-2018
999,15659557,811,3,2,28,5,167738.82,2,1,1,9903.42,0,04-10-2017
1000,15787772,759,1,2,38,4,104091.29,1,0,0,91561.91,0,25-12-2018
